run,pressure_gpa,pressure_uncertainty_gpa,temperature_k,temperature_uncertainty_k,platinum_lattice_a_angstrom,platinum_lattice_a_uncertainty_angstrom,platinum_unit_cell_volume_a3,platinum_unit_cell_volume_uncertainty_a3,platinum_differential_stress_t_gpa,platinum_differential_stress_t_uncertainty_gpa,kcl_lattice_a_angstrom,kcl_lattice_a_uncertainty_angstrom,kcl_unit_cell_volume_a3,kcl_unit_cell_volume_uncertainty_a3,kcl_st,kcl_st_uncertainty
1,126.2,0.3,300,,3.6188,0.0004,47.39,0.01,0.92,0.32,2.8682,0.0039,23.5946,0.0957,0.0021,0.0130
1,143.7,1.3,300,,3.5950,0.0017,46.46,0.07,0.35,0.97,2.8256,0.0014,22.5587,0.0329,0.0068,0.0029
1,163.5,2.1,300,,3.5704,0.0025,45.52,0.10,1.82,1.49,2.7919,0.0040,21.7624,0.0946,0.0072,0.0056
1,189.3,1.1,300,,3.5413,0.0012,44.41,0.04,0.85,1.81,2.7522,0.0027,20.8474,0.0625,0.0060,0.0021
1,201.9,2.0,300,,3.5282,0.0020,43.92,0.07,1.40,,2.7346,0.0009,20.4485,0.0210,-0.0114,
1,212.2,2.2,300,,3.5178,0.0022,43.53,0.08,0.48,1.56,2.7217,0.0004,20.1622,0.0086,0.0127,
1,228.6,2.0,300,,3.5021,0.0018,42.95,0.07,0.68,0.13,2.6997,0.0004,19.6761,0.0094,0.0129,
2,84.8,0.3,300,,3.6853,0.0006,50.05,0.02,1.00,0.26,2.9757,0.0011,26.3493,0.0297,0.0030,0.0020
2,103.7,0.5,300,,3.6528,0.0008,48.74,0.03,0.97,0.19,2.9187,0.0005,24.8627,0.0137,0.0035,0.0010
2,119.0,0.4,300,,3.6293,0.0005,47.80,0.02,0.81,0.43,2.8829,0.0012,23.9597,0.0300,0.0081,0.0025
3,10.0,0.2,1640,10,3.8964,0.0003,59.16,0.01,0.06,0.10,3.5717,0.0020,45.5635,0.0769,0.0058,0.0026
3,10.2,0.3,1780,10,3.8839,0.0005,58.59,0.02,0.14,0.11,3.5795,0.0036,45.8620,0.1389,-0.0019,0.0050
3,9.7,0.3,1480,10,3.8488,0.0004,57.01,0.02,0.03,0.13,3.5790,0.0014,45.8456,0.0542,-0.0019,0.0021
3,6.0,0.1,300,,3.8097,0.0010,55.29,0.04,0.11,0.07,3.5581,0.0008,45.0463,0.0321,-0.0018,0.0013
3,14.1,0.3,2080,10,3.9040,0.0002,59.50,0.01,0.17,0.15,3.5062,0.0001,43.1025,0.0035,0.0003,0.0001
3,9.0,0.1,300,,3.9019,0.0001,59.40,0.01,0.00,0.13,3.4902,0.0012,42.5142,0.0428,0.0011,0.0016
3,22.8,0.4,2160,30,3.8373,0.0004,56.51,0.02,0.29,0.21,3.3718,0.0004,38.3338,0.0134,0.0005,0.0006
3,20.7,0.1,1490,10,3.8240,0.0006,55.92,0.03,-0.11,0.08,3.3701,0.0004,38.2765,0.0125,0.0014,0.0006
3,18.4,0.1,300,,3.7870,0.0007,54.31,0.03,0.23,0.15,3.3543,0.0018,37.7402,0.0592,-0.0021,0.0023
3,31.6,0.5,2390,60,3.7652,0.0007,53.38,0.03,0.01,0.10,3.2952,0.0009,35.7800,0.0283,-0.0004,0.0011
3,30.1,0.1,1780,20,3.7470,0.0004,52.61,0.02,-0.15,0.05,3.2905,0.0015,35.6260,0.0472,0.0016,0.0019
3,37.0,0.2,2560,10,3.9246,0.0005,60.45,0.02,0.23,0.24,3.2497,0.0004,34.3199,0.0133,0.0004,0.0004
3,30.6,0.3,300,,3.9289,0.0003,60.65,0.01,0.02,0.29,3.2359,0.0016,33.8821,0.0500,-0.0010,0.0028
3,48.3,0.3,2390,30,3.9199,0.0005,60.23,0.02,-0.13,0.08,3.1633,0.0004,31.6537,0.0127,-0.0001,0.0007
3,46.6,0.7,1790,10,3.9208,0.0005,60.27,0.02,0.17,0.41,3.1618,0.0002,31.6079,0.0063,0.0006,0.0007
4,4.2,0.1,300,,3.8844,0.0008,58.61,0.03,0.02,0.07,3.6194,0.0005,47.4154,0.0183,0.0007,0.0009
4,8.7,0.9,1680,100,3.8728,0.0005,58.09,0.02,-0.06,0.17,3.5952,0.0004,46.4679,0.0151,0.0016,0.0022
4,4.7,0.0,300,,3.8573,0.0005,57.39,0.02,0.04,0.03,3.5990,0.0000,46.6154,0.0017,-0.0024,0.0011
4,22.2,0.9,1820,110,3.8462,0.0003,56.90,0.01,-0.11,0.06,3.3820,0.0013,38.6842,0.0442,-0.0001,0.0023
4,27.2,0.2,1890,20,3.8425,0.0012,56.73,0.05,-0.02,0.06,3.3260,0.0003,36.7925,0.0105,0.0024,0.0018
4,21.8,0.1,300,,3.8028,0.0004,55.00,0.02,0.00,0.13,3.3148,0.0013,36.4220,0.0431,-0.0016,0.0016
4,31.0,0.6,1990,50,3.7950,0.0009,54.66,0.04,-0.13,0.17,3.2870,0.0002,35.5151,0.0060,0.0004,0.0002
4,25.9,0.2,300,,3.9324,0.0008,60.81,0.04,0.09,0.12,3.2753,0.0006,35.1356,0.0183,-0.0030,0.0007
4,38.7,0.3,300,,3.8766,0.0004,58.26,0.02,0.33,0.49,3.1833,0.0018,32.2575,0.0537,-0.0004,0.0022
4,47.1,0.3,300,,3.8597,0.0002,57.50,0.01,0.30,0.17,3.1321,0.0005,30.7265,0.0146,0.0019,0.0018
4,60.7,2.5,2210,210,3.8487,0.0007,57.01,0.03,0.70,0.70,3.1000,0.0008,29.7923,0.0235,0.0024,0.0005
4,58.1,1.8,1640,170,3.7660,0.0023,53.41,0.10,-0.20,0.40,3.0983,0.0012,29.7421,0.0332,0.0029,0.0014
4,59.4,0.8,2300,200,3.7620,0.0013,53.24,0.05,-0.09,0.61,3.0994,0.0019,29.7747,0.0539,0.0041,0.0022
4,54.7,0.2,300,,3.7710,0.0019,53.63,0.08,-0.27,0.13,3.0934,0.0004,29.6002,0.0103,-0.0003,0.0006
